case_id,sample_description,volume,density,r_value,g_value,b_value,h_value,s_value,v_value,decal_level,clearing_method_id,toc_level,transparency
1,Heart_Rat_FDISCO_20241217_190013,950.4,1.0389,55.228,45.2365,37.134,13.5028,81.5406,55.2315,0,1,4,0.7067
2,brain_rat_FDISCO_20250413_173021,1796.1,1.13763,69.9938,60.3925,54.685,16.231,53.9869,70.007,0,1,4,0.616682
3,Brain_Rat_FDISCO_20241217_182608,1586,1.05,78.76,68.7,58.84,17.04,62.39,78.77,0,1,4,0.7551
4,Heart_mouse_FDISCO_20241217_192550,125.2,1.08,67.02,58.78,46.99,17.67,75.35,67.04,0,1,2,0.7254
5,Brain_mouse_FDISCO_20241217_184003,950.4,1.04,55.23,45.24,37.13,13.5,81.54,55.23,0,1,4,0.8523
6,Kidney_mouse_FDISCO_20241217_184417,210.1,1.08,61.29,52.11,43.38,14.52,71.54,61.3,0,1,2,
7,Kidney_mouse_FDISCO_20241217_185412,210.5,1,46.5379,33.8183,26.5864,14.58,57.76,47.15,0,1,2,0.748
8,Kidney_Mouse_FDISCO_20241224_182231,255.9,1.06,46.08,37.69,31.98,12.32,81.53,46.11,0,2,2,0.732
9,Kidney_Rat_FDISCO_20241224_182857,1019.4,1.05,27.58,23.34,20.64,12.84,72.52,27.64,0,1,4,
10,Kidney_Mouse_FDISCO_20241224_183213,1090.5,1.04,31.77,26.87,22.3,15.01,81.94,31.85,0,1,4,
11,Liver_mouse_FDISCO_20241217_192339,142,1.1,70.96,62.34,48.28,18.27,76.02,70.97,0,1,2,0.7162
12,Liver_Mouse_FDISCO_20241224_182447,417.9,1.03,55.95,46.64,35.5,16.03,89.06,55.98,0,1,3,
13,Lung_Mouse_FDISCO_20241224_181738,243.6,0.612,73.01,59.45,43.3,15.7,109.58,73.02,0,1,3,0.9098
14,Spleen_mouse_FDISCO_20241217_191724,81.2,1.11,49.34,37.64,29.77,11.56,96.59,49.34,0,1,3,0.7664
15,Spleen_Rat_FDISCO_20241217_190844,564.7,1.04,29.01,24.18,22.74,19.33,53.59,29.03,0,1,3,0.7568
16,Stomach_Rat_FDISCO_20241224_180343,1559.8,1.04,58.86,49.63,42.54,13.17,70.21,58.86,0,1,4,0.730155
17,Tongue_Rat_FDISCO_20241217_183344,621.2,1.05167,81.7633,74.3742,69.3051,12.5406,38.0364,81.7723,0,1,3,0.8605
18,bone_rat_FDISCO_20250220_165343,264.6,1.66327,55.6572,51.0552,48.8736,41.5388,32.3069,55.7007,2,1,2,0.7548
19,bone_rat_FDISCO_20250220_165628,321.2,1.52366,50.4455,46.0362,43.3372,32.8155,36.0654,50.5011,2,1,2,0.742388
20,bone_rat_FDISCO_20250220_165913,115.3,1.81093,58.2981,53.7429,48.7549,17.68,41.0639,58.3652,2,1,2,0.78895
21,bone_rat_FDISCO_20250220_170358,17.9,1.59218,62.0982,60.0415,56.5407,26.6846,23.5375,62.2271,1,1,1,0.815908
22,Kidney_mouse_FDISCO_20250218_103909,259.6,1.04237,56.8838,46.5841,33.8605,16.4084,106.184,56.895,0,1,1,
23,kidney_rat_FDISCO_20250218_113623,974.5,1.03961,34.9033,29.4663,21.1232,17.7015,103.956,34.9414,0,1,4,
24,kidney_rat_FDISCO_20250218_113407,952.3,1.03497,39.0689,33.1118,23.7009,18.0054,103.273,39.1278,0,1,4,
25,liver_mouse_FDISCO_20250218_113132,774.5,1.05023,52.9127,41.0496,24.7299,17.1483,134.663,52.9166,0,1,4,0.6959
26,muscle_rat_FDISCO_20250218_105432,529.8,1.07154,74.8704,66.29,50.4662,19.3477,82.805,74.9003,0,1,3,0.765369
27,semibrain_mouse_FDISCO_20250218_105756,194,1.0433,70.094,61.6141,47.5477,18.4214,80.4827,70.1298,0,1,1,0.863679
28,semibrain_mouse_FDISCO_20250218_112442,218,1.00109,54.7372,48.4365,37.2073,18.6466,74.813,54.7947,0,1,1,0.841173
29,spleen_mouse_FDISCO_20250218_110201,120.4,1.00083,37.1981,27.0749,19.6623,12.8484,113.646,37.214,0,1,2,0.8216
30,spleen_rat_FDISCO_20250218_111608,455.6,,24.3647,19.9412,16.2568,13.152,86.4674,24.409,0,1,3,
31,stomatch_FDISCO_20250218_110818,315.6,1.02186,68.8308,61.1202,45.945,19.5964,80.3726,68.8588,0,1,1,0.8416
32,brainslice_mouse_FDISCO_20250305_173009,35.08,1,97.4064,87.865,74.1689,17.3964,58.494,97.4236,0,1,1,0.827237
33,brainslice_mouse_FDISCO_20250305_173109,32.54,1,97.4556,88.0535,73.8203,17.6423,59.3688,97.4715,0,1,1,0.984629
34,brainslice_mouse,76.12,1,82.1717,61.4573,61.4573,15.1786,62.7341,82.179,0,1,1,0.858576
35,brain_rat_FDISCO_20250413_172134,1956,1.15077,67.7385,58.5085,52.5211,14.2018,55.1723,67.75,0,1,4,0.511217
36,brainslice_mouse,88.34,1,84.1666,74.4682,62.9128,16.3877,62.1363,84.1863,0,1,1,0.89166
37,brain_mouse_FDISCO_20250305_173009,457,1.05711,61.7842,51.735,38.1404,17.1772,96.3846,61.8041,0,1,3,0.823319
38,brain_mouse_FDISCO_20250305_173307,454.3,1.04997,63.2135,54.6342,40.5744,18.424,89.8718,63.2389,0,1,3,0.816
39,heart_rat_FDISCO_20250305_172603,669,1.06293,42.8999,33.5192,23.1886,15.6506,118.461,42.909,0,1,3,0.6039
40,instene_rat_FDISCO_20250305_171411,286.2,1.06709,76.4594,66.6881,44.1117,20.6745,105.71,76.4762,0,1,1,0.899581
41,kidney_rat_FDISCO_20250305_171800,737.8,1.0576,42.2695,33.4321,22.6892,16.4607,117.546,42.2739,0,1,4,0.697857
42,kidney_rat_FDISCO_20250305_172421,762.8,1.04864,27.1561,18.2062,13.2819,9.92414,135.617,27.1561,0,1,4,0.75189
43,liver_rat_FDISCO_20250305_170842,732.9,1.08678,40.6799,30.9572,18.4147,16.6378,138.139,40.7,0,1,4,0.643566
44,tongue_rat_FDISCO_20250305_174026,480.7,1.04805,63.3203,56.01,44.5529,17.8679,74.346,63.3341,0,1,3,0.692752
45,brainslice_mouse_FDISCO_20250305_173009,83.86,1,88.0179,77,66.9131,14.1063,59.1893,88.0254,0,1,1,0.823319
46,brainslice_mouse_2mm,85.56,1,88.484,77.0944,66.7837,14.0474,60.5045,88.4874,0,1,1,0.83488
47,brainslice_mouse,36.13,1,100.599,89.6972,74.4391,17.1124,63.5322,100.603,0,1,1,0.917434
48,brainslice_mouse,38.6,1,100.478,90.5923,77.5433,16.5193,55.398,100.486,0,1,1,0.952762
49,brainslice_rat,208.58,1,107.677,97.6445,82.9794,17.5121,56.4897,107.684,0,1,2,0.784919
50,brainslice_rat,205.5,1,97.2393,85.8824,75.2776,14.9822,56.5419,97.2483,0,1,2,0.801477
51,brainslice_rat,81.03,1,107.677,97.6445,82.9794,17.5121,56.4897,107.684,0,1,1,0.917434
52,brainslice_rat,90.24,1,100.647,85.3459,85.3459,17.7005,57.5183,110.952,0,1,1,0.952762
53,brain_mouse_FDISCO_20250313_093803,491.2,1.08571,72.5256,63.4239,55.8257,13.4766,54.8678,72.5514,0,1,3,0.608821
54,brain_mouse_FDISCO_20250313_095828,511.9,1.0334,67.6564,59.3287,52.7412,13.4249,51.8006,67.6942,0,1,3,0.766166
55,brain_mouse_FDISCO_20250313_100010,524.3,1.03109,68.3446,58.4801,51.0284,13.0214,60.6427,68.3713,0,1,3,0.798679
56,brain_mouse_FDISCO_20250313_101142,399.9,1,69.4944,61.2004,54.6072,13.4743,50.4399,69.5409,0,1,3,0.86786
57,brain_mouse_FDISCO_20250313_110807,508.2,1.01521,64.5516,57.0946,51.304,13.5588,48.8255,64.5967,0,1,3,0.706977
58,spleen_rat_FDISCO_20250313_105731,516.6,1.0182,28.8436,23.8589,23.0791,63.1947,52.1199,28.9054,0,1,3,0.734824
59,spleen_rat_FDISCO_20250313_101803,616.1,1.05161,22.1442,18.5267,17.2211,33.1047,63.4518,22.2198,0,1,3,0.615911
60,spleen_rat_FDISCO_20250313_105108,720,1.00736,25.2687,19.454,18.0418,31.8414,77.9096,25.3163,0,1,3,0.67
61,brain_mouse_FDISCO_20250313_093328,508.2,1.05077,72.1877,62.9808,55.4906,13.5046,55.0248,72.2053,0,1,3,0.766166
62,brain_mouse_FDISCO_20250313_094223,488.2,1.07579,70.2797,61.2676,54.1205,13.0704,54.3855,70.3091,0,1,3,0.731514
63,brain_mouse_FDISCO_20250313_094548,529.2,1.06633,67.4034,56.4393,49.9184,11.475,62.2836,67.4306,0,1,3,0.687466
64,brain_mouse_FDISCO_20250313_094823,518.3,1,70.0651,61.0031,53.3192,13.9496,56.9848,70.0983,0,1,3,0.860016
65,stomach_rat_FDISCO_20250313_100257,1363.2,1.03807,65.3054,54.8407,44.2939,14.8313,80.2973,65.3128,0,1,3,0.77735
66,lung_rat_FDISCO_20250313_100823,2849.1,0.889,38.3886,29.9528,23.7436,12.3186,99.1376,38.4051,0,1,4,0.832155
67,tongue_rat_FDISCO_20250313_101426,455.2,1,67.5398,59.5887,53.299,13.5612,52.2755,67.5672,0,1,3,0.781198
68,kidney_rat_FDISCO_20250313_102004,1010.5,1.05107,42.4443,34.9493,27.6341,14.7219,90.4319,42.4718,0,1,4,0.797469
69,intestin_rat_FDISCO_20250313_102459,594.2,1,62.1995,52.3871,39.0364,17.1645,92.9294,62.2125,0,1,3,0.639021
70,intestine_mouse_FDISCO_20250313_102953,433.1,1,62.1125,52.8925,40.3694,17.0792,88.0892,62.1278,0,1,2,0.709666
71,kidney_rat_FDISCO_20250313_103534,973.3,1,40.1103,33.0333,25.7603,15.2595,90.9376,40.1564,0,1,4,0.750888
72,tooth_mouse_FDISCO_20250313_103319,163.6,1.4291,89.6773,83.5098,76.1851,17.3631,36.3097,89.7128,2,1,1,0.732715
73,lung_rat_FDISCO_20250313_103855,2459.4,0.872,49.755,39.519,31.0325,13.565,95.7951,49.7716,0,1,4,0.763274
74,liver_mouse_FDISCO_20250313_104248,363.1,1,63.4416,49.1845,32.468,15.6583,125.443,63.4473,0,1,2,0.877565
75,liver_mouse_FDISCO_20250313_104543,361.3,1.05301,51.3965,39.4556,27.5229,14.6421,117.232,51.399,0,1,2,0.798998
76,tongue_mouse_FDISCO_20250313_105313,367,1.02561,65.4882,57.6492,50.8826,15.0145,56.1603,65.5257,0,1,2,0.621922
77,tooth_mouse_FDISCO_20250313_111709,44.8,1.33929,81.6701,77.9611,73.1695,21.8337,25.5748,81.7644,1,1,1,0.635045
78,bone_rat_FDISCO_20250220_170629,54,1.91296,73.1477,69.9559,64.9496,19.4373,29.3948,73.2247,1,1,1,0.945738
79,MOU-1-1,38.6,1.05711,100.478,90.5923,77.5433,16.5193,55.398,100.486,0,1,1,0.917434
80,MOU-1-2,36.13,1.05711,100.599,89.6972,74.4391,17.1124,63.5322,100.603,0,1,1,0.952762
81,MOU-2-2,83.86,1.05711,88.0179,77,66.9131,14.1063,59.1893,88.0254,0,1,1,0.837426
82,MOU-2-1,85.56,1.05711,88.484,77.0944,66.7837,14.0474,60.5045,88.4874,0,1,1,0.83488
83,rat-1-1,90.24,1.05711,110.938,100.647,85.3459,17.7005,57.5183,110.952,0,1,1,0.905092
84,rat-1-2,81.03,1.05711,107.677,97.6445,82.9794,17.5121,56.4897,107.684,0,1,1,0.858546
85,rat-2-1,205.52,1.05711,97.2393,85.8824,75.2776,14.9822,56.5419,97.2483,0,1,1,0.784919
86,rat-2-2,208.52,1.05711,107.677,97.6445,82.9794,17.5121,56.4897,107.684,0,1,1,0.801477
87,brain_rat_FDISCO_20250413_173246,1850.8,1.12508,79.3918,68.376,63.3695,14.7974,51.2346,79.4065,0,1,4,0.599717
88,heart_rat_FDISCO_20250413_181747,574.1,1.13412,43.2737,35.0881,29.4546,12.7107,82.5377,43.3145,0,1,3,0.834949
89,heart_rat_FDISCO_20250413_182331,585.5,1.13698,44.6479,35.3236,29.2033,12.1945,89.2149,44.6775,0,1,3,0.766991
90,heart_rat_FDISCO_20250413_183524,567.8,1.11571,49.8699,40.5767,33.7346,12.727,86.4445,49.8905,0,1,3,0.818241
91,heart_rat_FDISCO_20250413_184306,497.4,1.14274,41.733,33.6295,28.2984,11.8331,87.0946,41.7592,0,1,3,0.884301
92,intestine_rat_FDISCO_20250413_184506,414,1.16932,74.3162,63.9783,48.7559,17.8272,83.4419,74.3313,0,1,2,0.60518
93,intestine_rat_FDISCO_20250413_184729,399,1.19173,77.312,66.137,51.5291,16.7472,82.2417,77.3216,0,1,2,0.756689
94,intestine_rat_FDISCO_20250413_184939,615.1,1.09901,72.9613,61.9834,47.8651,17.1876,84.5553,72.9878,0,1,2,0.664597
95,intestine_rat_FDISCO_20250413_191209,272.8,1.21811,78.6194,67.9846,53.4338,17.6483,78.5876,78.6433,0,1,2,0.910617
96,intestine_rat_FDISCO_20250413_191504,215.5,1.40139,83.8573,74.0782,60.2193,17.4691,68.4234,83.8722,0,1,2,0.89494
97,liver_rat_FDISCO_20250413_171236,913.7,1.33173,43.2344,31.8703,23.1077,12.3036,122.446,43.2379,0,1,3,0.832051
98,liver_rat_FDISCO_20250413_174127,369.8,1.14062,64.8908,49.3484,36.731,13.298,111.757,64.8955,0,1,2,0.823274
99,liver_rat_FDISCO_20250413_175901,2147.6,1.03665,44.7651,33.2288,25.7794,11.8736,106.542,44.7761,0,1,4,0.805
100,liver_rat_FDISCO_20250413_180617,866.8,1.02088,46.2792,35.0783,27.2229,12.1756,102.876,46.2929,0,1,3,0.823274
101,semibrain_rat_FDISCO_20250413_170415,969.8,1.06414,74.0159,65.8509,58.9413,16.5584,50.58,74.0312,0,1,4,0.836758
102,semibrain_rat_FDISCO_20250413_170857,1065.8,1.17367,67.3959,58.143,52.5129,15.4379,53.1909,67.4219,0,1,4,0.876402
103,semibrain_rat_FDISCO_20250413_180843,949.8,1.07359,69.5622,61.5982,55.9963,16.2435,48.4272,69.5716,0,1,4,0.887155
104,semibrain_rat_FDISCO_20250413_181518,775.7,1.05969,67.5494,58.2443,51.5875,13.7633,57.1743,67.5838,0,1,3,0.861888
105,spleen_rat_FDISCO_20250413_191720,397.7,1.25974,35.2636,26.6816,24.1899,14.8528,83.9632,35.2916,0,1,3,0.886569
106,stomach_rat_FDISCO_20250413_185449,1222,1.07684,71.7502,61.0053,52.7038,13.5108,68.7162,71.7683,0,1,4,0.903482
107,stomach_rat_FDISCO_20250413_185207,1431.5,1.07398,69.5824,58.8819,52.2933,13.2814,65.1196,69.5988,0,1,4,0.865468
108,stomach_rat_FDISCO_20250413_190422,1343.3,1.06305,77.1756,65.2045,58.1647,11.4004,63.8834,77.186,0,1,4,0.803062
109,tooth_rat_FDISCO_20250413_171609,140.2,1.9107,81.0681,72.9132,67.9415,23.7979,39.8722,81.0987,2,1,2,0.918142
110,tooth_rat_FDISCO_20250413_171843,135,2.09704,83.3304,74.8494,69.4483,21.4747,41.7042,83.3483,2,1,2,0.974538
111,muscle_rat_FDISCO_20250415_160136,90.1,1.03774,98.7309,87.5436,71.672,19.5128,67.1459,98.7603,0,1,2,0.714536
112,muscle_rat_FDISCO_20250415_161454,264.8,1.054,90.7691,76.4232,60.4614,16.3468,87.7848,90.7844,0,1,2,0.849048
113,muscle_rat_FDISCO_20250415_161832,1168.1,1.02371,79.1404,70.2704,65.2578,19.2112,46.5716,79.1681,0,1,3,0.669343
114,muscle_rat_FDISCO_20250415_160720,64.4,1.0823,31.6644,28.2558,23.7609,16.9225,71.6937,31.6781,0,1,1,0.563044
115,heart_mouse_FDISCO_20250430_165549,165.3,1.0369,54.4622,43.5916,35.0515,13.6432,94.5208,54.4824,0,1,2,0.77394
116,heart_mouse_FDISCO_20250430_165804,143.5,1.08084,48.1683,38.0312,28.9722,14.3197,100.023,48.1867,0,1,2,0.768129
117,heart_mouse_FDISCO_20250430_165941,127.5,1.08784,52.234,41.7254,33.1428,13.6707,93.7671,52.2507,0,1,2,0.796709
118,heart_mouse_FDISCO_20250430_170137,127.8,1.0939,47.6186,38.1153,31.0379,12.7354,88.3849,47.6316,0,1,1,0.757957
119,heart_mouse_FDISCO_20250430_170406,135.1,1.08068,47.3701,38.2606,31.0398,13.4714,88.9949,47.3846,0,1,2,0.82313
120,heart_mouse_FDISCO_20250430_205226,113.3,1.12004,38.5366,29.1004,23.1804,11.7479,104.625,38.5503,0,1,2,0.758221
121,intestine_mouse_FDISCO_20250430_164041,143.2,1.00489,85.7828,74.3391,56.129,18.5456,82.901,85.8046,0,1,1,0.747003
122,intestine_mouse_FDISCO_20250430_164251,373.5,1.02115,77.3712,65.5004,48.1526,17.9322,92.533,77.3846,0,1,2,0.760104
123,intestine_mouse_FDISCO_20250430_164439,440.5,1.02974,65.2162,56.0427,44.104,17.1566,79.6141,65.233,0,1,2,0.755101
124,liver_mouse_FDISCO_20250430_204332,375.6,1.0647,58.2575,48.7016,38.8154,15.2583,82.6177,58.2641,0,1,2,0.508617
125,lung_mouse_FDISCO_20250430_165112,272.3,0.659,47.7147,32.6174,25.0958,9.44932,122.537,47.7239,0,1,2,0.787188
126,lung_mouse_FDISCO_20250430_165314,229.7,1.0222,45.906,31.2323,24.0077,9.64964,125.022,45.9157,0,1,2,0.700246
127,semi_mouse_FDISCO_20250430_205559,184.5,1.04499,68.1948,59.3765,52.1749,13.8459,57.9898,68.2072,0,1,2,0.716011
128,stomache_mouse_FDISCO_20250430_201433,294.8,1,64.6452,55.8271,49.5504,12.0506,59.0926,64.6473,0,1,2,0.743888
129,stomache_mouse_FDISCO_20250430_202258,294.8,1.03833,78.4603,70.1562,60.8046,15.8973,57.2568,78.4737,0,1,2,0.79645
130,stomache_mouse_FDISCO_20250430_202640,216.7,1.07337,74.4463,65.2875,56.8977,14.392,59.8402,74.4572,0,1,2,0.705614
131,stomach_mouse_FDISCO_20250430_170710,198.9,1.07139,82.2774,73.2195,62.6764,16.001,61.1901,82.2855,0,1,2,0.708596
132,stomach_mouse_FDISCO_20250430_203133,196,1.05663,82.2606,73.4277,63.8832,15.6771,57.6416,82.2708,0,1,2,0.743888
133,stomach_mouse_FDISCO_20250430_203747,229.4,1.06975,81.7838,72.1765,61.5816,15.6099,62.5668,81.7909,0,1,2,0.827965
134,tongue_mouse_FDISCO_20250503_110635,69.3,1.06061,61.3766,53.4103,47.8808,19.348,52.7381,61.3939,0,1,1,0.835032
135,tongue_mouse_FDISCO_20250503_110916,94.2,1.05096,65.8993,56.607,49.7948,13.0769,57.7343,65.9189,0,1,1,0.739271
136,tooth_mouse_FDISCO_20250503_104839,9.9,2.01313,83.9729,77.3735,69.6587,17.3165,41.1916,84.0019,1,1,2,0.928604
137,tooth_mouse_FDISCO_20250503_105038,13.6,1.91912,79.6506,73.367,65.1696,17.7102,43.0212,79.6778,1,1,1,0.843316
138,tooth_mouse_FDISCO_20250503_105406,20.2,2.12871,88.2099,80.8013,71.7576,17.0097,44.5633,88.2379,1,1,1,0.924035
139,tooth_mouse_FDISCO_20250503_105632,18.8,1.9202,79.4969,72.294,63.5373,17.5788,48.1654,79.5337,1,1,1,0.903364
140,tooth_mouse_FDISCO_20250503_110203,4.4,1.97727,95.4136,89.065,80.0848,16.7716,38.6037,95.4412,1,1,1,0.946338
141,tooth_mouse_FDISCO_20250503_110434,18.5,1.9622,77.5328,70.9397,63.3436,17.6474,44.9144,77.568,1,1,1,0.883806
142,lung_mouse_FDISCO_20250430_204655,279.4,1.02219,49.006,34.9597,27.4418,10.6048,122.411,49.0164,0,1,2,0.7609
143,heart_mouse_FDISCO_20250518_154252,90.9,1.0011,49.7916,40.3637,33.4464,12.6253,84.039,49.805,0,5,2,0.843075
144,heart_mouse_FDISCO_20250518_160905,70.2,1.00997,47.3549,37.1877,30.4153,12.089,90.109,47.3635,0,5,2,0.76734
145,heart_mouse_FDISCO_20250518_163008,71.2,1.00281,50.2308,40.1832,32.6654,12.6448,86.8875,50.2347,0,5,2,0.61241
146,intestine_mouse_FDISCO_20250518_161830,153.1,1.19138,83.7243,74.4306,60.5262,17.2304,65.3381,83.7306,0,5,2,0.660595
147,intestine_mouse_FDISCO_20250518_165310,153.5,1.17459,100.065,89.3727,70.3605,18.8583,75.7104,100.072,0,5,2,0.85803
148,kidney_mouse_FDISCO_20250518_151837,99.9,1.11512,52.0004,39.4873,31.4615,11.3719,97.018,52.0029,0,5,2,0.682803
149,kidney_mouse_FDISCO_20250518_154927,119.3,1.00503,46.958,36.1972,29.1516,11.8358,96.792,46.9693,0,5,2,0.844738
150,kidney_mouse_FDISCO_20250518_160249,129.5,1.04402,39.4306,30.6665,26.6916,9.30614,87.1469,39.4454,0,5,2,0.866162
151,kidney_mouse_FDISCO_20250518_163315,101.8,1.0668,57.6485,46.282,36.977,13.4091,92.2102,57.6558,0,5,2,0.649663
152,liver_mouse_FDISCO_20250518_155513,239.2,1.00084,47.5616,35.5087,28.3957,11.1109,99.1338,47.563,0,5,2,0.678155
153,lung_mouse_FDISCO_20250518_160530,216.8,0.688,61.3786,44.2354,35.3826,9.71084,114.622,61.3794,0,5,2,0.769545
154,spleen_mouse_FDISCO_20250518_153223,49.6,1.1754,35.8885,27.6756,25.4623,12.7049,76.7816,35.895,0,5,2,0.672668
155,spleen_mouse_FDISCO_20250518_155226,59.2,1,37.1453,25.7498,22.2621,9.31147,107.927,37.1567,0,5,2,0.716415
156,spleen_mouse_FDISCO_20250518_161409,38.8,1.25515,31.0574,21.3164,18.2552,14.2781,99.5382,31.0648,0,5,2,0.724586
157,spleen_mouse_FDISCO_20250518_165945,63.6,1.00786,29.0146,21.8566,19.9452,10.4011,79.0972,29.0234,0,5,2,0.72788
158,spleen_mouse_FDISCO_20250518_170246,50.9,1.10805,38.5593,26.3669,20.9134,13.1195,108.996,38.5677,0,5,2,0.65549
159,stomach_mouse_FDISCO_20250518_152929,168.6,1.01068,82.3321,73.2966,64.0711,14.7346,55.9381,82.3411,0,5,2,0.75549
160,stomach_mouse_FDISCO_20250518_155856,177.3,1.00169,81.3889,71.3454,58.8994,16.3015,69.5592,81.3935,0,5,4,0.763183
161,stomach_mouse_FDISCO_20250518_162157,99.7,1.01204,69.3519,57.5514,47.252,13.4819,79.7475,69.3534,0,5,1,0.78982
162,stomach_mouse_FDISCO_20250518_163729,162.6,1.02583,76.5792,67.3759,55.8779,16.3491,67.949,76.5882,0,5,2,0.731393
163,stomach_mouse_FDISCO_20250518_164109,206.2,1.04995,94.2611,83.8017,70.2148,16.5485,64.2981,94.2655,0,5,2,
164,stomach_mouse_FDISCO_20250518_164943,161.4,1.00062,79.5666,67.5577,56.5344,14.1735,72.3294,79.5712,0,5,2,
165,heart_mouse_FDISCO_20250527_161244,57.9,1.05527,47.7531,38.683,34.5347,10.446,65.0891,47.7699,0,5,2,0.727401
166,heart_mouse_FDISCO_20250527_161656,59,1.0661,49.2601,40.7095,37.2168,9.95636,57.6371,49.2658,0,5,2,0.745834
167,kidney_mouse_FDISCO_20250527_162502,86,1,48.315,39.4844,35.896,10.3609,64.0483,48.3379,0,5,2,0.662255
168,kidney_mouse_FDISCO_20250527_162734,79.4,1.08438,45.6742,37.5511,34.4768,9.88005,61.7105,45.6928,0,5,2,0.662255
169,kidney_mouse_FDISCO_20250527_165116,133.2,1.06081,42.9994,32.6149,26.8328,10.9965,96.1399,43.0094,0,5,2,0.703829
170,kidney_mouse_FDISCO_20250527_165420,81.7,1.09058,50.4792,41.886,38.3693,11.001,60.733,50.502,0,5,2,0.641354
171,liver_mouse_FDISCO_20250527_160205,194.6,1.09198,36.3682,24.9876,21.377,7.35187,103.361,36.372,0,5,2,0.695651
172,liver_mouse_FDISCO_20250527_163435,234.2,1.04611,52.8319,41.4951,35.9476,10.0489,81.1405,52.8412,0,5,2,0.624226
173,lung_mouse_FDISCO_20250527_154328,293.7,0.742,76.9248,60.9028,49.916,11.9499,91.981,76.9259,0,5,2,0.744392
174,lung_mouse_FDISCO_20250527_154756,277.5,0.769,78.176,60.3842,48.2386,11.9341,101.228,78.1768,0,5,2,0.749174
175,lung_mouse_FDISCO_20250527_155407,294.2,1.01005,63.9979,46.8568,37.9645,9.64143,110.086,63.9989,1,5,2,0.725619
176,lung_mouse_FDISCO_20250527_160515,164.1,0.808,48.3257,37.7444,32.6999,9.75805,82.739,48.3355,0,5,2,0.793639
177,spleen_mouse_FDISCO_20250527_162102,53.1,1.00188,25.968,20.767,19.0374,10.7567,68.4404,25.9883,0,5,2,0.682218
178,spleen_mouse_FDISCO_20250527_163758,73.2,1,33.1712,24.1474,21.9172,10.636,88.2332,33.1784,0,5,2,0.786694
179,stomache_mouse_FDISCO_20250527_155810,140.8,1.01065,65.6964,55.4491,48.1933,12.3737,63.5806,65.7061,0,5,2,0.774211
180,tooth_miuse_FDISCO_20250527_180724,14.4,2.02083,78.0596,71.7984,67.8786,26.9828,31.4081,78.1149,1,5,2,0.729499
181,tooth_mouse_FDISCO_20250527_180936,11.7,1.93162,43.3086,40.5479,38.4641,17.4207,23.3741,43.3495,1,5,2,0.765212
182,tooth_mouse_FDISCO_20250527_181135,26.1,1.44828,67.715,61.3543,56.6479,17.0761,38.896,67.7393,1,5,1,0.780963
183,tooth_mouse_FDISCO_20250527_181321,14.8,1.62162,59.2323,54.5299,51.7563,24.2603,28.7353,59.2771,1,5,1,0.745683
184,tooth_mouse_FDISCO_20250527_181458,19.7,1.74112,60.8611,56.68,54.205,19.4658,25.3975,60.9081,1,5,1,0.722907
185,brain_mouse_FDISCO_20250609_193752,454,1.11233,4.9244,4.87456,4.76482,8.63309,12.1393,4.98995,0,5,3,0.761081
186,brain_mouse_FDISCO_20250609_194150,461,1.08351,69.6383,60.4095,57.3769,14.3068,43.5976,69.6522,0,5,3,0.738077
187,brain_mouse_FDISCO_20250609_194457,468.2,1.06984,67.4964,57.8342,55.0098,13.2819,45.7305,67.5121,0,5,3,0.777149
188,brain_mouse_FDISCO_20250609_194724,481.6,1.05233,71.4881,62.0905,58.9626,13.5603,43.4072,71.5059,0,5,3,0.777149
189,brain_mouse_FDISCO_20250609_195102,490.9,1.0497,71.4435,62.1092,58.5841,10.6641,44.4584,71.4573,0,5,3,0.710848
190,brain_mouse_FDISCO_20250609_195313,493.7,1.0478,67.2436,57.174,53.8735,12.1117,49.1481,67.2578,0,5,3,0.777243
191,brain_mouse_FDISCO_20250609_195446,472.5,1.03386,68.3906,58.17,54.8135,10.8586,49.1388,68.4014,0,5,3,0.709446
192,brain_mouse_FDISCO_20250609_195652,503.7,1.04804,59.3481,47.9407,44.0602,11.049,65.4152,59.3634,0,5,3,0.785226
193,brain_mouse_FDISCO_20250609_195842,494.1,1.06557,69.7712,60.6129,57.3507,14.1034,44.4165,69.7898,0,5,3,0.685196
194,brain_mouse_FDISCO_20250609_200044,477.2,1.03583,69.1719,59.053,55.4862,9.50535,49.0483,69.1853,0,5,3,0.76445
195,brain_mouse_FDISCO_20250609_200215,490.6,1.03751,67.8242,58.0025,54.9441,12.6363,47.5645,67.8375,0,5,2,0.736146
196,heart_rat_FDISCO_20250609_202721,750.7,1.03836,44.4957,35.0881,30.2156,10.837,86.3588,44.5047,0,5,3,0.592837
197,heart_rat_FDISCO_20250609_203813,716.9,1.03683,38.0445,29.5645,24.6848,10.8922,96.2378,38.0565,0,5,3,0.653449
198,intestine_rat_FDISCO_20250609_204919,752.5,1.04585,72.7141,60.9726,48.7695,14.4898,78.3758,72.7269,0,5,3,0.792116
199,intestine_rat_FDISCO_20250609_205309,777.7,1.05233,63.8483,54.3884,43.6792,15.6238,74.8268,63.8634,0,5,3,0.810017
200,kidney_rat_FDISCO_20250609_200708,941.6,1.04068,30.6916,23.1917,20.4349,8.44046,87.7408,30.6993,0,5,4,0.523259
201,kidney_rat_FDISCO_20250609_202309,957.7,1.05106,35.6609,28.7335,26.8055,12.2206,70.2727,35.6781,0,5,4,0.66283
202,kidney_rat_FDISCO_20250609_203633,990.8,1.04764,42.453,34.2123,27.4837,13.4502,92.9212,42.467,0,5,4,0.565021
203,lung_rat_FDISCO_20250609_200908,2064.2,0.795,6.26704,6.271,6.26624,17.2409,9.93899,6.42155,0,5,4,0.731882
204,spleen_rat_FDISCO_20250609_202045,438.3,1.07301,28.1601,20.5724,19.6847,34.5109,80.5189,28.1645,0,5,3,0.66273
205,stomach_rat_FDISCO_20250609_202506,1342.6,1.02674,60.8812,50.2258,48.6481,51.8004,53.2024,60.8841,0,5,4,0.56465
206,stomach_rat_FDISCO_20250609_203954,1344.9,1.07309,58.2859,49.3372,45.1404,16.0293,57.1695,58.2893,0,5,4,0.519353
207,heart_mouse_FDISCO_20250621_185705,136.6,1.04026,43.1169,34.4505,27.1385,13.5166,92.7247,43.1252,0,5,2,0.6625
208,heart_mouse_FDISCO_20250621_185828,107,1.05701,46.4767,39.4127,32.6246,14.5688,75.7788,46.4968,0,5,2,0.616215
209,heart_mouse_FDISCO_20250621_185951,95.4,1.09119,46.9685,38.7168,31.0063,14.3254,85.6699,46.9824,0,5,2,0.787143
210,intestine_mouse_FDISCO_20250621_182949,270.1,1.06886,87.7482,78.2997,71.4021,22.285,44.5666,87.7865,0,5,2,0.785532
211,intestine_mouse_FDISCO_20250621_183355,161.6,1.1479,77.4736,68.9717,62.7271,26.6798,46.9532,77.5263,0,5,2,0.828644
212,kidney_mouse_FDISCO_20250621_184420,129.2,1.06269,42.1151,33.4608,26.5576,13.1137,93.5944,42.1332,0,5,2,0.685532
213,kidney_mouse_FDISCO_20250621_184555,157.5,1.00825,51.4146,42.0504,33.9694,13.9706,90.3707,51.4366,0,5,2,0.678644
214,kidney_mouse_FDISCO_20250621_184720,134.5,1.06766,51.5935,41.2828,32.0499,14.0629,97.3701,51.6017,0,5,2,0.5
215,kidney_mouse_FDISCO_20250621_184852,156.7,1.02999,53.9578,43.5818,34.1201,14.3323,96.3755,53.9684,0,5,2,0.716923
216,kidney_mouse_FDISCO_20250621_185436,123,1.02674,47.1451,38.6402,31.1185,13.9299,88.9034,47.1661,0,5,2,0.683405
217,liver_mouse_FDISCO_20250621_181956,108.2,1.05545,50.2786,38.8991,33.8486,10.8805,82.1438,50.2846,0,5,2,0.685009
218,liver_mouse_FDISCO_20250621_182210,282.2,1.05457,54.5063,43.3182,36.5971,11.974,82.4443,54.5107,0,5,2,0.975369
219,liver_mouse_FDISCO_20250621_182355,149.8,1.03405,58.3314,47.4967,40.1513,13.1306,77.6672,58.3443,0,5,2,0.690971
220,liver_mouse_FDISCO_20250621_182701,170.5,1.07214,39.1579,28.5822,25.3391,10.4675,93.5852,39.1722,0,5,2,0.716451
221,liver_mouse_FDISCO_20250621_183215,397.6,1.03622,47.6949,35.7438,30.521,10.1639,90.5504,47.7045,0,5,2,0.828644
222,lung_mouse_FDISCO_20250621_181250,311.3,0.74201,64.4596,49.938,43.9231,15.4337,91.8358,64.4886,0,5,2,0.721964
223,lung_mouse_FDISCO_20250621_181526,224,0.78102,55.5905,42.4575,37.3627,11.7387,88.7489,55.6063,0,5,2,0.846928
224,muscle_mouse_FDISCO_20250621_174415,93.3,1.07288,88.2419,79.2758,77.0461,39.4487,34.8074,88.4315,0,5,1,0.746928
225,muscle_mouse_FDISCO_20250621_174636,6.9,1.63768,101.537,91.9126,86.5418,33.6064,36.1538,101.713,0,5,1,0.784109
226,muscle_mouse_FDISCO_20250621_174833,169.1,1.08693,82.007,72.262,68.8855,28.2978,43.6723,82.1877,0,5,2,0.803434
227,muscle_mouse_FDISCO_20250621_175103,103.7,1.11668,96.637,87.9614,85.8885,36.584,32.5029,97.1133,0,5,2,0.609521
228,muscle_mouse_FDISCO_20250621_175310,140.3,1.067,83.0176,75.5992,74.96,55.2246,29.1292,83.3399,0,5,2,0.811901
229,muscle_mouse_FDISCO_20250621_180103,89.3,1.12094,81.4979,72.8952,70.5074,38.6308,35.6247,81.5732,0,5,1,0.817673
230,muscle_mouse_FDISCO_20250621_180253,89.4,1.00447,80.5581,72.149,71.097,63.187,31.0955,80.6192,0,5,1,0.75311
231,muscle_mouse_FDISCO_20250621_180420,61.1,1.01637,97.3503,84.2926,71.6238,23.5487,70.098,97.4126,0,5,1,0.691495
232,muscle_mouse_FDISCO_20250621_180551,57.3,1.09599,92.5112,80.6261,71.709,24.9641,59.8148,92.5963,0,5,1,0.734599
233,muscle_mouse_FDISCO_20250621_180709,54.3,1,83.5311,72.3796,64.0595,23.343,57.0431,83.6257,0,5,1,0.709933
234,muscle_mouse_FDISCO_20250621_180842,14.4,1,100.555,89.3677,79.3161,30.1099,54.9907,100.775,0,5,1,0.775185
235,muscle_rat_FDISCO_20250621_190159,80.4,1.0199,93.5366,80.237,62.6568,16.8452,84.1769,93.5437,0,5,1,0.806376
236,muscle_rat_FDISCO_20250621_190608,61,1.07049,93.2312,80.7161,62.8301,17.2818,82.5535,93.2409,0,5,1,0.760837
237,muscle_rat_FDISCO_20250621_190759,56.7,1.0776,86.6786,75.1311,58.334,16.8876,75.3285,86.6873,0,5,1,0.632439
238,muscle_rat_FDISCO_20250621_191011,70.4,1.1321,95.5691,83.5378,64.7794,17.8226,78.1405,95.5793,0,5,1,0.752594
239,muscle_rat_FDISCO_20250621_191220,85.5,1.00468,39.6591,37.797,34.3094,13.5912,22.9892,39.7533,0,5,1,0.762454
240,muscle_rat_FDISCO_20250621_192026,271.7,1.0519,81.8816,68.3661,51.9212,16.099,97.887,81.8922,0,5,2,0.673436
241,muscle_rat_FDISCO_20250621_192201,303.5,1.07117,84.9588,72.333,55.8136,16.9805,92.138,84.9728,0,5,4,0.684411
242,muscle_rat_FDISCO_20250621_192347,928.5,1.19677,69.5977,61.0374,53.2231,19.0089,62.6224,69.6333,0,5,4,0.658451
243,muscle_rat_FDISCO_20250621_192604,1001.4,1.06291,65.5844,56.772,48.8819,14.444,67.8614,65.6012,0,5,4,0.580188
244,muscle_rat_FDISCO_20250621_192746,71.8,1.03343,87.9421,75.8444,57.6236,17.2373,84.9084,87.9506,0,5,2,0.887159
245,liver_mouse_FDISCO_20250621_183215,397.6,1.03622,47.6949,35.7438,30.521,10.1639,90.5504,47.7045,0,5,2,0.828644
246,1_FDISCO_20250704_162043,59.4,1.01852,81.1938,71.6745,59.6829,16.1574,63.176,81.2135,0,5,1,0.75081
247,muscle_mouse_FDISCO_20250704_160554,63,1.19206,81.3943,72.1416,61.4476,15.6394,61.0805,81.4159,0,5,1,0.788246
248,muscle_mouse_FDISCO_20250704_161049,27.9,1.24373,78.9858,68.5895,55.8374,15.6986,68.2177,78.9942,0,5,1,0.794958
249,muscle_mouse_FDISCO_20250704_162213,145.1,1.02274,81.6043,73.5256,63.9113,15.9061,54.0156,81.6334,0,5,2,0.809509
250,sc_mouse_FDISCO_20250704_162539,65.3,1.1853,76.1666,65.2515,53.5344,15.089,73.2441,76.1811,0,5,1,0.922651
251,muscle_mouse_FDISCO_20250704_163207,21.3,1.82629,89.2503,76.5435,59.7708,16.0842,80.7348,89.2553,0,5,1,0.856743
252,sc_mouse_FDISCO_20250704_155927,49.8,1.09036,26.837,25.4586,23.8657,9.54167,20.8206,26.8682,0,5,1,0.858317
253,muscle_mouse_FDISCO_20250704_161530,71.1,1.01406,29.7359,28.7893,27.2418,11.6911,17.4495,29.7969,0,5,1,0.809509
254,sc_mouse_FDISCO_20250704_162845,57.3,1.00873,55.0241,52.2608,49.1905,17.9765,23.8474,55.0816,0,5,1,0.85379
255,brain_FDISCO_20251016_172811,410,1.22927,56.998,49.0323,48.982,56.9649,35.191,57.1577,0,5,3,0.620875
256,brain_FDISCO_20251016_173240,490.6,1.04199,59.8519,51.663,52.3207,78.8693,35.2616,60.0252,0,5,3,0.742587
257,brain_FDISCO_20251016_173530,447.3,1.04516,67.9524,58.469,55.8924,32.8735,46.051,68.1054,0,5,3,0.747161
258,brain_solid_FDISCO_20251016_173843,465.2,1.02429,71.0008,61.5463,61.4974,69.021,36.617,71.0846,0,5,3,0.665949
259,brain_solid_FDISCO_20251016_174147,511.4,1.01936,63.8553,53.8005,54.0349,65.5543,43.5549,64.0262,0,5,3,0.715108
260,brain_solid_FDISCO_20251016_174429,481.5,1.02783,67.4691,56.6674,52.7268,23.1873,56.4014,67.5458,0,5,3,0.695484
261,brain_solid_FDISCO_20251016_174651,477.9,1.05901,68.0282,58.4846,58.5959,72.5684,38.047,68.1149,1,5,3,0.686325
262,brain_solid_FDISCO_20251016_174950,489.6,1.05331,69.3583,58.9449,56.3431,33.8235,50.3222,69.45,0,5,3,0.694413
263,brain_solid_FDISCO_20251016_175249,465.5,1.04189,67.0529,56.3932,55.8262,52.2087,44.9723,67.1109,0,5,3,0.726423
264,heart_mouse_s_FDISCO_20251020_114906,75.7,1.12285,39.0628,31.2647,24.7582,13.1244,91.0191,39.0742,0,4,3,0.779999
265,intestine_mouse_s_FDISCO_20251020_112341,82,1.09024,73.4144,65.9768,51.079,18.814,69.8812,73.4392,0,4,2,0.653138
266,intestine_mouse_s_FDISCO_20251020_112508,200.8,1.04532,82.2714,74.1466,57.3148,19.8087,75.1385,82.3127,0,4,1,0.692034
267,intestine_mouse_s_FDISCO_20251020_112639,481.2,1.10827,71.3866,62.4354,47.5784,18.4206,83.1267,71.4097,0,4,1,0.6409
268,kidney_mouse_s_FDISCO_20251020_114256,137.5,1.00291,51.7356,42.6714,34.8386,13.8591,82.565,51.7485,0,4,2,0.70119
269,kidney_mouse_s_FDISCO_20251020_114406,123.7,1.1059,54.2382,45.5359,36.8713,14.7069,82.8868,54.2618,0,4,2,0.72129
270,liver_mouse_FDISCO_20251020_112838,177.2,1.09819,67.1029,54.4846,38.4956,16.2182,106.068,67.1101,0,4,2,0.5034
271,liver_mouse_s_FDISCO_20251020_113043,96.7,1.04137,71.3066,59.2365,42.3604,16.8381,100.428,71.3096,0,4,2,0.6828
272,liver_mouse_s_FDISCO_20251020_113242,256.3,1.04253,63.8496,50.4923,35.1054,15.7377,113.042,63.8517,0,4,2,0.588
273,liver_mouse_s_FDISCO_20251020_113745,141.6,1,56.7507,46.179,35.1713,14.8366,94.4874,56.7568,0,4,2,0.588
274,liver_mouse_s_FDISCO_20251020_113945,233.1,1.003,55.9551,46.3164,36.3664,15.0566,87.2489,55.9612,0,4,2,0.588
275,liver_mouse_s_FDISCO_20251020_114105,125.6,1.11863,64.8809,55.7578,44.4114,16.1297,77.7308,64.9014,0,4,2,0.6805
276,lung_mouse_s_FDISCO_20251020_111551,60.3828,0.715,60.3828,49.3639,36.6828,15.4151,96.3149,60.4044,0,4,2,0.7204
277,lung_mouse_s_FDISCO_20251020_111737,258.1,0.7423,58.1196,42.413,30.2549,12.2297,127.338,58.1225,0,4,2,0.7054
278,spleen_mouse_s_FDISCO_20251020_110914,63.9,1,43.0899,35.0153,27.9397,13.1234,85.5051,43.1107,0,4,1,0.658
279,spleen_mouse_s_FDISCO_20251020_112006,61.7,1.06969,36.2968,30.2624,24.7378,13.4342,78.7177,36.3153,0,4,1,0.645
280,stomach_mouse_s_FDISCO_20251020_112127,276.4,1.00941,75.9338,68.4584,56.4249,17.8732,64.2149,75.9447,0,4,1,0.7958
281,tongue_mouse_s_FDISCO_20251020_104219,83.1,1.11793,62.4013,53.1388,43.5737,14.3045,71.1617,62.4127,0,4,1,0.9086
282,tongue_mouse_s_FDISCO_20251020_104416,97.4,1.01643,58.2093,50.9428,43.3221,14.2759,58.5498,58.2331,0,4,1,0.7051
283,tongue_mouse_s_FDISCO_20251020_104541,73.9,1.07713,63.7906,55.1237,45.7006,14.8738,66.7359,63.8132,0,4,1,0.7394
284,tooth_mouse_FDISCO_20251020_104836,27.4,1.26642,51.5358,47.5663,41.514,15.5034,40.8116,51.5675,1,4,1,0.6936
285,tooth_mouse_s_FDISCO_20251020_103048,133.2,1.18694,68.1109,60.2992,50.9032,15.9571,60.725,68.1264,2,4,2,0.7277
286,tooth_mouse_s_FDISCO_20251020_103243,40.7,1.48157,70.9961,65.5117,57.1883,16.9423,46.0248,71.0362,1,4,1,0.6852
287,tooth_mouse_s_FDISCO_20251020_104713,27.5,1.60727,29.3996,27.1323,23.7507,13.7993,37.7491,29.428,1,4,1,0.6689
288,tooth_mouse_s_FDISCO_20251020_105333,87.7,1.20296,4.30769,4.25662,3.84,8.62462,25.3754,4.33908,1,4,1,0.6778
289,tooth_mouse_s_FDISCO_20251020_110158,23.1,1.54978,74.4926,64.0392,64.0392,16.3195,55.0056,82.7145,1,4,1,0.6572
290,heart_mouse_s_FDISCO_20251020_114906,75.7,1.12285,39.0628,31.2647,24.7582,13.1244,91.0191,39.0742,0,4,1,0.779999
291,intestine_mouse_s_FDISCO_20251020_112341,82,1.09024,73.4144,65.9768,51.079,18.814,69.8812,73.4392,0,4,1,0.653138
292,intestine_mouse_s_FDISCO_20251020_112508,200.8,1.04532,82.2714,74.1466,57.3148,19.8087,75.1385,82.3127,0,4,2,0.812
293,intestine_mouse_s_FDISCO_20251020_112639,481.2,1.10827,71.3866,62.4354,47.5784,18.4206,83.1267,71.4097,0,4,2,0.9798
294,kidney_mouse_s_FDISCO_20251020_114256,137.5,1.00291,51.7356,42.6714,34.8386,13.8591,82.565,51.7485,0,4,2,0.67
295,kidney_mouse_s_FDISCO_20251020_114406,123.7,1.1059,54.2382,45.5359,36.8713,14.7069,82.8868,54.2618,0,4,2,0.6729
296,liver_mouse_FDISCO_20251020_112838,177.2,1.09819,67.1029,54.4846,38.4956,16.2182,106.068,67.1101,0,4,2,0.8748
297,liver_mouse_s_FDISCO_20251020_113043,96.7,1.04137,71.3066,59.2365,42.3604,16.8381,100.428,71.3096,0,4,1,0.6144
298,liver_mouse_s_FDISCO_20251020_113242,256.3,1.04253,63.8496,50.4923,35.1054,15.7377,113.042,63.8517,0,4,2,0.79
299,liver_mouse_s_FDISCO_20251020_113745,141.6,1,56.7507,46.179,35.1713,14.8366,94.4874,56.7568,0,4,1,0.7899
300,liver_mouse_s_FDISCO_20251020_113945,233.1,1.003,55.9551,46.3164,36.3664,15.0566,87.2489,55.9612,0,4,2,0.6913
301,liver_mouse_s_FDISCO_20251020_114105,125.6,1.11863,64.8809,55.7578,44.4114,16.1297,77.7308,64.9014,0,4,3,0.5203
302,lung_mouse_s_FDISCO_20251020_111551,213.8,0.822,6.27253,6.15797,5.41481,12.6684,28.4258,6.31923,0,4,2,0.5981
303,lung_mouse_s_FDISCO_20251020_111737,258.1,1.0062,58.1196,42.413,30.2549,12.2297,127.338,58.1225,0,4,2,0.5455
304,spleen_mouse_s_FDISCO_20251020_110914,63.9,1,43.0899,35.0153,27.9397,13.1234,85.5051,43.1107,0,4,2,0.5478
305,spleen_mouse_s_FDISCO_20251020_112006,61.7,1.06969,36.2968,30.2624,24.7378,13.4342,78.7177,36.3153,0,4,2,0.7029
306,stomach_mouse_s_FDISCO_20251020_112127,276.4,1.00941,75.9338,68.4584,56.4249,17.8732,64.2149,75.9447,0,4,2,0.6557
307,tongue_mouse_s_FDISCO_20251020_104219,83.1,1.11793,62.4013,53.1388,43.5737,14.3045,71.1617,62.4127,0,4,1,0.6197
308,tongue_mouse_s_FDISCO_20251020_104416,97.4,1.01643,58.2093,50.9428,43.3221,14.2759,58.5498,58.2331,0,4,1,0.6025
309,tongue_mouse_s_FDISCO_20251020_104541,73.9,1.07713,63.7906,55.1237,45.7006,14.8738,66.7359,63.8132,0,4,1,0.6828
310,tooth_mouse_FDISCO_20251020_104836,27.4,1.26642,51.5358,47.5663,41.514,15.5034,40.8116,51.5675,1,4,1,0.6429
311,tooth_mouse_s_FDISCO_20251020_103048,133.2,1.18694,68.1109,60.2992,50.9032,15.9571,60.725,68.1264,2,4,2,0.6817
312,tooth_mouse_s_FDISCO_20251020_103243,40.7,1.48157,70.9961,65.5117,57.1883,16.9423,46.0248,71.0362,1,4,1,0.6312
313,tooth_mouse_s_FDISCO_20251020_104713,27.5,1.60727,29.3996,27.1323,23.7507,13.7993,37.7491,29.428,1,4,1,0.6918
314,tooth_mouse_s_FDISCO_20251020_105333,87.7,1.20296,82.6823,74.4926,64.0392,16.3195,55.0056,82.7145,1,4,1,0.6735
315,tooth_mouse_s_FDISCO_20251020_110158,23.1,1.54978,51.5637,47.9475,42.1406,15.3705,37.9416,51.5987,1,4,1,0.7001
316,heart_CUBIC_20251228_195932,805.9,1.04839,51.1417,40.6056,32.7994,13.937,95.3943,51.1463,0,4,4,0.5318
317,heart_CUBIC_20251228_202711,642.8,1.03905,40.6992,32.9465,27.3279,11.7869,90.2355,40.7158,0,4,4,0.5862
318,HEART_RAT_CUBIC_20251228_180140,750.4,1.04171,40.5156,32.9646,27.3165,12.6512,87.8692,40.5302,0,4,4,0.5999
319,heart_rat_CUBIC_20251228_204113,667.5,1.01663,50.765,40.3754,42.9106,13.882,91.0848,51.2084,0,4,4,0.5001
320,intestine_CUBIC_20251228_200745,428.9,1.00513,69.2868,59.4855,47.8749,16.0352,77.146,69.2936,0,4,2,0.7726
321,intestine_CUBIC_20251228_200617,502,1.02151,65.0198,55.1628,43.9706,15.6603,80.2861,65.0216,0,4,2,0.8596
322,kidney_CUBIC_20251228_174904,973.8,1.04939,45.9092,37.7278,31.3255,13.0712,80.9301,45.9122,0,4,4,0.2365
323,kidney_CUBIC_20251228_184602,633.7,1.05208,30.9385,24.8514,20.8867,11.3634,87.8119,30.9506,0,4,4,0.2993
324,kidney_CUBIC_20251228_200432,819.9,1.04293,46.4441,39.0042,32.5384,13.8392,78.8144,46.4551,0,4,4,0.3208
325,kidney_CUBIC_20251228_202213,807.9,1.06399,28.6014,22.9193,20.0412,11.2719,81.0054,28.6193,0,4,4,0.3308
326,kidney_CUBIC_20251228_205321,807,1.03779,35.8989,28.8914,24.6978,11.3423,83.922,35.9063,0,4,4,0.3904
327,kidney_CUBIC_20251228_205505,808,1.04208,39.059,31.3038,26.5387,11.4316,88.0083,39.0683,0,4,4,0.3867
328,kidney_CUBIC_20251228_205643,699.7,1.06574,32.215,26.5901,23.7611,10.5684,71.3227,32.2255,0,4,4,0.4067
329,kidney_rat_CUBIC_20251228_174058,1134.2,1,44.6795,37.3326,31.4283,13.2629,76.4656,44.6842,0,4,4,0.3854
330,kidney_CUBIC_20251228_184926,724.4,1.05632,28.3859,22.8257,19.2405,11.3652,84.6252,28.3961,0,4,4,0.3766
331,liver_CUBIC_20251228_195237,238.8,1.04564,44.5314,32.9229,25.1162,11.5633,108.007,44.5331,0,4,3,0.5285
332,liver_CUBIC_20251228_195419,857.3,1.06019,32.5813,24.9303,20.1716,11.3007,98.7921,32.5871,0,4,4,0.5057
333,liver_CUBIC_20251228_195541,209.2,1.087,54.6404,41.3629,30.9411,12.8482,111.482,54.6468,0,4,3,0.619
334,liver_CUBIC_20251228_200953,414.5,1.05308,50.1405,37.5526,27.6815,12.7581,112.849,50.1428,0,4,3,0.5074
335,LIVER_RAT_CUBIC_20251228_180333,431.1,1.02853,35.899,26.3482,19.7896,11.0496,115.673,35.9023,0,4,3,0.5695
336,LIVER_RAT_CUBIC_20251228_180524,412.9,1.07193,35.5101,25.5713,19.0932,11.0355,117.458,35.5142,0,4,3,0.5952
337,lung_CUBIC_20251228_174355,1484.2,0.781,41.1134,31.0667,26.6624,9.38444,93.4807,3.2915,0,4,3,0.3811
338,lung_CUBIC_20251228_201139,1675.2,0.93854,32.5619,23.222,19.1279,8.34053,109.341,32.5637,0,4,3,0.3643
339,lung_CUBIC_20251228_203531,1418,0.68875,33.6986,23.5743,19.1102,8.83406,117.475,33.7032,0,4,3,0.365
340,muscle_rat_CUBIC_20251228_170813,92.2,1.07484,77.0657,70.3251,60.0411,17.7267,55.1189,77.0814,0,4,1,0.6998
341,muscle_rat_CUBIC_20251228_171038,101.7,1,78.7449,68.9411,54.6074,17.831,75.3843,78.7584,0,4,2,0.6161
342,muscle_rat_CUBIC_20251228_171220,0.1,2,85.5643,75.857,57.6993,17.857,71.2551,85.5784,0,4,2,0.751
343,muscle_rat_CUBIC_20251228_171506,140.2,1.10842,81.9685,72.3751,58.0959,17.5573,75.2986,81.9808,0,4,1,0.7065
344,muscle_rat_CUBIC_20251228_171658,170.7,1.00117,83.9467,73.2721,57.7744,17.3379,83.008,83.9678,0,4,2,0.7053
345,muscle_rat_CUBIC_20251228_172438,93.9,1.06283,93.9557,83.4497,61.3153,19.8808,87.9104,93.9619,0,4,2,0.8495
346,muscle_rat_CUBIC_20251228_172630,74.8,1.0361,77.2372,66.7785,46.7954,19.2569,97.4408,77.2452,0,4,2,0.7192
347,muscle_rat_CUBIC_20251228_172817,48.7,1.20945,92.3718,79.1538,53.6556,19.3176,108.33,92.3791,0,4,1,0.6298
348,muscle_rat_CUBIC_20251228_173001,5.8,2.13793,110.166,98.6746,69.7195,20.5686,85.6119,110.181,0,4,1,0.7624
349,muscle_rat_CUBIC_20251228_173207,17.1,1,111.425,99.6121,71.923,20.3288,85.937,111.429,0,4,1,0.6185
350,muscle_rat_CUBIC_20251228_173853,129.7,1.00463,80.0531,67.5571,51.8783,16.2302,89.7507,80.0578,0,4,2,0.8061
351,spleen_CUBIC_20251228_185104,335.2,1.04296,24.5955,18.9041,16.9894,20.8116,80.3728,24.6079,0,4,3,0.7011
352,spleen_CUBIC_20251228_195803,503.8,1.06967,27.8475,22.0572,19.7529,14.4537,80.4465,27.8616,0,4,3,0.6908
353,spleen_CUBIC_20251228_202007,380.8,1.0667,23.5187,18.7208,17.0331,14.2716,75.7692,23.5511,0,4,3,0.681
354,spleen_CUBIC_20251228_202857,339.2,1.06103,24.4798,20.019,18.3327,15.8717,69.7833,24.4947,0,4,3,0.6745
355,spleen_RAT_CUBIC_20251228_175545,425.7,1.07752,25.1322,20.0261,17.8885,10.3025,79.4792,25.1459,0,4,3,0.6812
356,stomach_CUBIC_20251228_184747,1050,1.05533,59.3517,49.4682,44.4493,17.1754,62.5079,59.3547,0,4,3,0.6333
357,stomach_CUBIC_20251228_200155,1237.8,1.04645,68.4781,57.5169,50.1053,12.1268,68.2987,68.4822,0,4,3,0.6021
358,STOMACH_RAT_CUBIC_20251228_175817,1397,1.04016,64.2948,54.5376,47.5591,13.2674,66.3534,64.2974,0,4,3,0.5938
359,teeth_CUBIC_20251228_182319,15.3,1.45752,94.9847,87.6367,76.254,17.5058,48.3926,95.0289,1,4,1,0.5039
360,teeth_CUBIC_20251228_183907,26.9,1.27509,29.2229,23.2557,19.3791,11.4496,89.4869,29.2307,1,4,1,0.5128
361,teeth_FDISCO_20251228_181346,29.2,1.00342,8.29875,8.22416,7.85072,9.03923,11.9342,8.34416,1,1,1,0.5267
362,TEETH__CUBIC_20251228_180759,198.2,1.13269,65.2211,59.0078,51.3371,16.9721,50.8791,65.235,0,4,3,0.4032
363,1mm_CUBIC_20251207_175406,44.5,1,92.9542,82.9521,68.3521,17.546,64.9493,92.9617,0,4,1,0.8912
364,1mm_CUBIC_20251207_175731,52.2,1.05172,89.5065,79.8557,60.419,19.7129,80.1207,89.5083,0,4,1,0.9127
365,1mm_CUBIC_20251207_180834,31,1.72258,90.4847,81.1957,66.4168,18.026,64.9491,90.493,0,4,1,0.9047
366,1mm_CUBIC_20251207_181137,47.9,1,87.6846,79.0569,66.0156,17.5741,60.0497,87.6888,0,4,1,0.9238
367,2mm_CUBIC_20251207_181432,109,1.04404,78.0896,68.8217,54.9645,17.5785,72.7851,78.0927,0,4,1,0.8018
368,2mm_CUBIC_20251207_181805,121.4,1.01071,78.7154,69.6179,56.3297,17.4688,69.9058,78.7213,0,4,1,0.8316
369,2mm_CUBIC_20251207_182532,182.5,1.00219,75.4169,66.3724,55.0454,16.2433,66.1029,75.4202,0,4,1,0.8126
370,2mm_CUBIC_20251207_182749,145,1,82.7928,73.2421,61.2712,16.4183,63.8764,82.7955,0,4,1,0.8334
371,2mm_CUBIC_20251207_182945,124.5,1.15663,79.722,69.9022,57.7977,16.2349,66.6545,79.7246,0,4,1,0.8561
372,2MM_CUBIC_20251207_183210,124.3,1.10217,80.4391,71.0553,59.7561,16.1124,62.2067,80.4444,0,4,1,0.8714
373,2MM_CUBIC_20251207_183402,74,1.32838,83.6636,73.8557,61.7382,16.2643,64.182,83.6696,0,4,1,0.8012
374,heart_CUBIC_20251207_192137,100.9,1.13974,43.6505,33.4346,26.7539,11.6211,101.563,43.6546,0,4,2,0.7267
375,heart_CUBIC_20251207_192422,141.2,1.08074,43.5179,34.1697,28.3931,11.1592,90.9739,43.5333,0,4,2,0.7123
376,heart_CUBIC_20251207_194658,125.6,1.07006,45.8881,34.7185,27.5531,11.5094,101.052,45.9005,0,4,2,0.7428
377,intestine_CUBIC_20251207_193711,95.1,1.35016,45.8881,34.7185,27.5531,11.5094,71.2318,80.7033,0,4,1,0.8966
378,intestine_CUBIC_20251207_193916,173.7,1.2038,79.2358,69.5175,55.0029,17.3695,74.7209,79.2435,0,4,2,0.8812
379,kidney_CUBIC_20251207_191129,331.8,1.11272,62.875,50.6968,39.3853,14.0114,90.2813,62.8762,0,4,2,0.6247
380,kidney_CUBIC_20251207_191749,188.8,1.11282,48.6757,37.2484,29.2764,12.3847,103.457,48.694,0,4,2,0.6517
381,kidney_CUBIC_20251207_192306,185.1,1.13668,45.1106,33.9621,26.213,12.3349,108.038,45.1173,0,4,2,0.6219
382,kidney_CUBIC_20251207_192613,172.7,1.00984,50.3032,38.6864,31.6504,11.4652,97.1791,50.3131,0,4,2,0.6918
383,kidney_CUBIC_20251207_193246,210.3,1.1203,67.919,52.654,39.698,13.2229,106.977,67.9202,0,4,2,0.6611
384,kidney_CUBIC_20251207_195116,195,1.05897,48.7746,37.8275,29.6675,12.7151,102.836,48.7823,0,4,2,0.6518
385,kidney_CUBIC_20251207_195253,176.2,1,46.5379,33.8183,26.5864,10.8728,111.228,46.5442,0,4,2,0.6359
386,liver_CUBIC_20251207_193354,99.9,1.14314,63.2778,49.119,35.9779,13.8257,106.132,63.2804,0,4,2,0.5684
387,liver_CUBIC_20251207_194931,262.9,1.12438,55.8347,42.7183,31.4469,13.1345,113.683,55.8372,0,4,2,0.5396
388,liver_CUBIC_20251207_195434,87.5,1.224,64.4341,49.1784,34.8949,13.8444,116.872,64.4355,0,4,2,0.5619
389,liver_CUBIC_20251207_200025,252.2,1.02498,51.8914,38.3114,28.7428,11.7017,114.98,51.8932,0,4,2,0.5714
390,spleen_CUBIC_20251207_184130,62.9,1.12083,44.4376,21.981,17.1595,11.3975,143.566,44.4381,0,4,2,0.6804
391,spleen_CUBIC_20251207_184812,55.5,1.54595,53.3786,29.0343,21.7113,7.12471,145.978,53.3794,0,4,2,0.6958
392,spleen_CUBIC_20251207_185040,89.9,1,53.2751,24.3893,18.7051,6.71691,157.527,53.2753,0,4,2,0.6719
393,spleen_CUBIC_20251207_200338,62.1,1,59.1693,36.0997,27.4079,8.77306,130.658,59.1716,0,4,2,0.6518
394,spleen_CUBIC_20251207_201104,55.4,1.3231,5.15824,5.09512,4.95552,8.47148,9.78277,5.20157,0,4,2,0.7018
395,stomache_CUBIC_20251207_183711,281.3,1,70.6869,59.5481,49.3314,14.1467,76.0071,70.6902,0,4,2,0.7256
396,stomach_CUBIC_20251207_191955,265.3,1.0784,65.6859,55.7841,46.584,13.913,72.575,65.6874,0,4,2,0.7234
397,stomach_CUBIC_20251207_201323,274.3,1.02042,70.757,60.7222,49.1157,15.7752,77.3937,70.7615,0,4,2,0.7519
398,stomach_CUBIC_20251207_201507,195.4,1.15916,75.8437,67.0116,56.9225,15.6231,61.5551,75.8488,0,4,2,0.7489
399,bone_rat_FDISCO_20250601_103512,45.8,1.5216,59.7737,69.6357,49.9586,6,46.9848,59.6938,1,5,1,0.7113
400,bone_mouse_FDISCO_20250220_160622,58.8,1.639,88.2216,57.7498,50.2988,23.786,20.1968,88.0839,1,5,1,0.782
401,bone_rat_FDISCO_20250220_134918,2,1.2619,58.8512,34.867,67.3838,17.5242,15.2846,58.6734,1,1,1,0.5867
402,bone_rat_FDISCO_20250601_131029,2,1.753,47.4491,24.3327,60.7516,23.399,53.9901,47.2716,1,4,1,0.5966
403,tooth_rat_FDISCO_20250313_172556,124.3,1.5437,33.5408,47.4226,67.2463,6.0069,42.503,33.5833,1,5,1,0.7014
404,tooth_rat_FDISCO_20250220_105507,89.2,1.6657,70.5764,56.2949,32.0989,18.8214,26.1371,70.2868,1,1,1,0.6855
405,tooth_mouse_FDISCO_20250220_142710,66.7,1.2869,80.0677,63.8588,71.6311,18.7308,71.2965,79.924,1,4,1,0.8923
406,bone_rat_FDISCO_20250413_123449,58.8,2.118,50.3106,55.2177,70.7878,27.613,71.847,50.4561,1,4,1,0.6718
407,bone_mouse_FDISCO_20250601_120842,5.9,1.3811,76.4919,68.0502,80.8884,17.4971,42.7375,76.7752,1,4,1,0.6961
408,tooth_mouse_FDISCO_20250601_170715,44.7,1.5163,102.4053,46.0016,57.1263,6,36.0681,102.5391,1,1,1,0.8154
409,tooth_rat_FDISCO_20250503_133408,18,1.8873,63.7579,69.5968,72.3852,24.4835,46.2977,64.4442,1,5,1,0.7574
410,bone_rat_FDISCO_20250220_164621,38.2,1.5839,84.6144,50.3152,55.9267,14.4441,30.2025,83.898,1,5,1,0.8388
411,bone_rat_FDISCO_20250220_131026,53.3,1.7519,42.1443,62.979,49.8359,25.7142,56.3807,42.0386,1,4,1,0.8144
412,tooth_mouse_FDISCO_20250313_131813,4.6,1.634,81.7266,73.3908,57.6245,26.0355,40.9145,81.8223,1,1,1,0.6253
413,tooth_rat_FDISCO_20250220_133738,52.8,1.4739,41.5857,46.2621,57.6334,14.7917,47.9448,41.565,1,1,1,0.7858
414,tooth_mouse_FDISCO_20250413_110029,256.4,1.276,76.7209,37.5649,53.6672,26.599,57.6981,76.7483,2,1,2,0.8751
415,tooth_rat_FDISCO_20250220_121607,101,1.5221,76.4853,70.5366,63.7962,25.5082,41.8925,76.8861,2,1,2,0.7205
416,bone_rat_FDISCO_20250503_140200,161.2,1.5466,85.1911,61.5,50.3916,18.8354,38.7367,84.2686,2,1,2,0.8033
417,bone_mouse_FDISCO_20250503_120219,143,1.4344,68.1629,49.0876,55.7474,23.4895,60.6021,68.4845,2,1,2,0.8779
418,bone_rat_FDISCO_20250313_125626,129.7,1.7548,64.1111,63.0151,61.6576,26.1243,25.6476,63.7398,2,1,2,0.8557
419,bone_mouse_FDISCO_20250313_172219,171.1,1.3493,88.5952,54.6598,68.986,11.9939,42.3308,89.3704,2,1,2,0.9241
420,bone_mouse_FDISCO_20250220_141137,258.8,1.7814,70.1646,52.6186,74.6202,29.3329,42.496,69.9412,2,1,2,0.7233
421,bone_rat_FDISCO_20250413_160442,229.9,1.7883,67.6007,53.5425,47.5988,17.0741,35.1396,67.8933,2,1,2,0.786
422,tooth_rat_FDISCO_20250503_123936,278.1,1.5252,63.703,73.5881,50.0109,19.4544,37.0684,63.5711,2,1,2,0.6878
423,bone_rat_FDISCO_20250413_184240,174.2,1.5976,66.0758,74.349,44.2199,17.3805,34.5103,66.1537,2,1,2,0.8118
424,tooth_rat_FDISCO_20250503_134544,247.7,1.7946,50.8071,59.3412,50.6895,23.559,45.9001,50.8165,2,4,1,0.8865
425,bone_mouse_FDISCO_20250601_135854,146.3,1.6933,59.3161,41.5225,70.314,10.1972,45.1235,59.1109,2,1,1,0.8337
426,tooth_mouse_FDISCO_20250313_172816,81.4,1.8094,78.9692,49.1941,54.5132,17.492,57.7703,78.2906,2,1,2,0.8451
427,tooth_rat_FDISCO_20250313_130426,183.8,1.2618,62.276,56.6994,64.2504,26.0703,42.9255,62.5468,2,4,2,0.7451
428,tooth_mouse_FDISCO_20250220_151948,167.1,1.32,65.7086,66.0766,67.0584,31.7583,37.2893,65.4913,2,4,2,0.6322
429,tooth_rat_FDISCO_20250313_180158,80,1.4915,76.9,40.6495,49.0376,23.472,35.1048,76.9344,2,4,2,0.7158
430,tooth_mouse_FDISCO_20250503_145305,80,1.856,75.3904,67.6677,52.2983,22.5457,51.9986,75.0621,2,4,2,0.8117
431,bone_rat_FDISCO_20250313_174207,175.9,1.5084,77.1638,60.6679,79.8145,31.3958,46.1878,77.188,2,1,1,0.7928
432,bone_rat_FDISCO_20250413_162545,273.8,1.5308,48.9229,72.1026,71.0767,24.9421,31.0681,49.1898,3,1,1,0.6224
433,tooth_mouse_FDISCO_20250220_184121,50,1.3914,70.9025,82.5302,52.6808,37.9545,42.0976,70.3083,3,1,2,0.7888
434,tooth_mouse_FDISCO_20250503_165246,131.8,1.7381,64.4833,80.5358,54.188,31.696,22.2024,64.0013,3,5,1,0.8613
435,bone_mouse_FDISCO_20250503_132251,116.9,1.8688,79.6388,60.1247,40.54,29.5622,22.5538,79.3874,3,4,1,0.7617
436,tooth_rat_FDISCO_20250503_175001,210,1.6101,87.2033,75.151,48.4141,19.1712,35.3209,87.2275,3,1,1,0.8916
437,tooth_mouse_FDISCO_20250413_130746,159.1,2.1028,64.065,78.8626,44.6558,26.8518,21.2266,64.3043,3,1,1,0.7494
438,bone_mouse_FDISCO_20250313_141423,235.3,1.9336,80.9932,64.5876,50.9815,27.1711,47.2511,80.8168,3,1,1,0.5935
439,tooth_mouse_FDISCO_20250503_172111,226.2,1.7107,64.6475,96.0932,41.9385,20.4214,50.1274,65.1115,3,1,1,0.6478
440,bone_mouse_FDISCO_20250313_113548,148.1,1.9775,64.6376,69.3159,47.992,36.3325,42.3246,64.8109,3,4,2,0.825
441,bone_rat_FDISCO_20250313_144205,60,1.4593,72.0445,52.4117,65.7558,20.8888,27.0118,71.8432,3,1,1,0.7844
442,bone_mouse_FDISCO_20250313_145050,129.7,1.731,74.5584,77.1298,58.2024,18.7922,31.3873,74.6262,3,5,1,0.9345
443,tooth_mouse_FDISCO_20250220_174419,61.7,1.8392,52.9524,43.0043,59.9609,21.9295,40.3219,53.1485,3,4,1,0.8093
444,tooth_rat_FDISCO_20250601_104848,50,1.3533,69.955,66.9948,59.5191,17.7739,39.6539,69.9546,3,1,2,0.845
445,bone_rat_FDISCO_20250413_164431,64.9,1.644,62.2137,104.2018,39.4324,31.474,47.0562,62.146,3,4,2,0.751
446,tooth_rat_FDISCO_20250503_101233,173.5,1.8176,54.8625,53.9886,60.6771,14.4012,59.7458,54.5906,3,4,2,0.8645
447,bone_rat_FDISCO_20250413_180035,144,1.2879,70.5502,55.9197,33.9844,18.722,21.6755,70.7572,3,4,1,0.9655
448,tooth_mouse_FDISCO_20250503_171529,270.1,1.7651,94.6333,86.0069,75.4412,21.8806,31.371,94.9918,3,5,1,0.7827
449,tooth_rat_FDISCO_20250413_175509,50,2.1023,43.3009,62.7227,63.8089,19.5422,38.5754,43.0838,3,4,2,0.8972
450,bone_mouse_FDISCO_20250503_102047,106.5,1.4295,71.148,64.9435,47.3299,41.5735,27.7343,71.4089,3,4,2,0.8029
451,bone_mouse_FDISCO_20250601_170046,62,1.9513,85.7202,33.5349,54.9799,25.0725,22.6445,85.712,3,1,2,0.9213
452,tooth_mouse_FDISCO_20250413_175534,50,2.1906,45.0475,82.6592,66.6918,23.8147,49.9106,44.9738,3,1,2,0.8297
453,bone_mouse_FDISCO_20250220_155003,229.9,1.8448,109.4643,44.2493,57.7616,15.4001,47.5475,109.9141,3,4,1,0.8703
454,tooth_rat_FDISCO_20250601_121429,85.6,1.5691,75.1614,48.7931,55.2348,26.4503,30.1123,75.8301,3,4,2,0.8871
455,tooth_mouse_FDISCO_20250503_141224,139.7,1.7185,79.4142,39.6868,55.1661,20.2588,27.4018,79.5451,3,4,1,0.7127
456,tooth_rat_FDISCO_20250413_133851,87.8,1.7093,86.8798,30.4442,42.373,18.0304,62.5117,86.6901,3,4,1,0.7563
457,bone_mouse_FDISCO_20250601_154608,76.3,1.3849,60.8936,46.7689,46.6568,10.5407,21.0272,60.4187,3,1,1,0.7683
458,tooth_rat_FDISCO_20250503_144755,92.1,1.5455,81.9373,70.4165,76.4146,31.1295,29.3133,81.6105,3,4,1,0.8093
459,bone_mouse_FDISCO_20250413_180729,112.8,1.7019,70.2425,55.4217,50.6412,12.9364,20.5448,70.6505,3,4,1,0.7774
460,bone_rat_FDISCO_20250503_144126,129.3,1.2312,57.7542,69.3472,56.0697,25.2056,38.2397,58.0311,3,1,1,0.7417
461,bone_mouse_FDISCO_20250503_115331,158.5,1.7017,76.4571,63.8474,59.3027,36.1265,28.6328,76.6941,3,5,2,0.9273
